twa/tws;6;8;10;12;14;16;18;20;22;25;30;36
60;2.5;3.5;4.2;5.8;6.5;6.8;7;7.1;7.2;7.3;7.4;7.5
70;2.8;3.8;4.8;5.8;6.5;7;7.2;7.4;7.5;7.6;7.7;7.8
80;3;4;5;6;6.8;7.2;7.5;7.7;7.8;7.9;8;8
90;3.2;4.2;5.2;6.2;7;7.4;7.7;7.9;8;8.1;8.2;8.2
100;3.4;4.5;5.5;6.4;7.2;7.6;7.9;8.1;8.2;8.3;8.3;8.3
110;3.5;4.6;5.7;6.5;7.3;7.8;8.1;8.3;8.4;8.4;8.4;8.4
120;3.4;4.5;5.8;6.6;7.4;7.9;8.2;8.4;8.5;8.5;8.5;8.5
130;3.2;4.3;5.6;6.8;7.5;8;8.3;8.4;8.5;8.5;8.5;8.5
140;2.8;3.8;5;6.2;7;7.6;8;8.2;8.3;8.4;8.4;8.4
150;2.4;3.3;4.4;5.6;6.4;7;7.4;7.7;7.9;8;8.1;8.1
160;;0.01;0.01;0.01;0.01;0.01;0.01;0.01;0.01;0.01;0.01;0.01
170;0.01;0.01;0.01;0.01;0.01;0.01;0.01;0.01;0.01;0.01;0.01;0.01
180;0.01;0.01;0.01;0.01;0.01;0.01;0.01;0.01;0.01;0.01;0.01;0.01
